date;testes;positif;gueris;commun;contact;import;deces;vaccines
02/03/2020;1;1;0;0;0;1;0;0
03/03/2020;1;1;0;0;0;1;0;0
04/03/2020;2;2;0;0;1;1;0;0
05/03/2020;10;0;0;0;0;0;0;0
06/03/2020;2;0;1;0;0;0;0;0
07/03/2020;2;0;0;0;0;0;0;0
08/03/2020;2;0;0;0;0;0;0;0
09/03/2020;6;0;0;0;0;0;0;0
10/03/2020;1;0;0;0;0;0;0;0
11/03/2020;8;1;0;0;0;1;0;0
12/03/2020;6;5;1;0;5;0;0;0
13/03/2020;11;11;1;0;11;0;0;0
14/03/2020;3;3;0;0;1;2;0;0
15/03/2020;2;2;0;0;1;1;0;0
16/03/2020;9;1;0;0;0;1;0;0
17/03/2020;44;5;2;0;1;3;0;0
18/03/2020;27;5;0;0;2;3;0;0
19/03/2020;22;2;3;0;0;2;0;0
20/03/2020;56;9;0;0;5;4;0;0
21/03/2020;31;9;0;3;1;5;0;0
22/03/2020;85;11;0;0;6;5;0;0
23/03/2020;60;12;3;4;2;6;0;0
24/03/2020;59;7;0;0;4;3;0;0
25/03/2020;142;13;1;0;8;5;0;0
26/03/2020;130;6;0;0;1;5;0;0
27/03/2020;144;14;2;1;2;11;0;0
28/03/2020;98;11;7;1;8;2;0;0
29/03/2020;151;12;9;0;8;4;0;0
30/03/2020;87;20;1;1;14;5;0;0
31/03/2020;97;13;12;0;12;1;1;0
01/04/2020;195;15;5;0;14;1;0;0
02/04/2020;127;5;10;0;3;2;0;0
03/04/2020;153;12;11;0;5;7;1;0
04/04/2020;177;12;6;1;10;1;0;0
05/04/2020;92;3;10;1;2;0;0;0
06/04/2020;95;4;10;1;3;0;0;0
07/04/2020;110;11;13;2;9;0;0;0
08/04/2020;108;7;8;5;2;0;0;0
09/04/2020;199;6;10;0;6;0;0;0
10/04/2020;195;15;14;0;15;0;0;0
11/04/2020;173;13;15;1;12;0;0;0
12/04/2020;104;2;19;1;1;0;0;0
13/04/2020;144;11;7;1;10;0;0;0
14/04/2020;272;8;5;2;6;0;0;0
15/04/2020;227;15;7;1;14;0;0;0
16/04/2020;435;21;4;2;19;0;0;0
17/04/2020;287;7;4;2;5;0;1;0
18/04/2020;226;8;13;5;3;0;0;0
19/04/2020;313;17;9;2;15;0;1;0
20/04/2020;281;10;15;5;5;0;1;0
21/04/2020;466;35;7;1;34;0;1;0
22/04/2020;482;30;11;4;26;0;0;0
23/04/2020;387;37;4;8;29;0;0;0
24/04/2020;528;66;5;5;61;0;1;0
25/04/2020;703;69;14;6;63;0;1;0
26/04/2020;579;57;7;9;47;1;1;0
27/04/2020;677;64;1;14;50;0;0;0
28/04/2020;873;87;12;1;86;0;0;0
29/04/2020;677;59;19;14;50;0;0;0
30/04/2020;1161;51;19;11;40;0;0;0
01/05/2020;901;91;22;3;88;0;1;0
02/05/2020;1190;91;12;4;87;0;0;0
03/05/2020;810;67;4;5;62;0;1;0
04/05/2020;807;89;43;3;86;0;1;0
05/05/2020;702;58;55;4;54;0;1;0
06/05/2020;1182;104;23;4;100;0;1;0
07/05/2020;1027;59;69;8;51;0;1;0
08/05/2020;872;59;49;7;52;0;1;0
09/05/2020;848;83;32;14;69;0;2;0
10/05/2020;1356;75;7;5;70;0;2;0
11/05/2020;917;177;65;8;169;0;1;0
12/05/2020;1099;109;27;2;107;0;0;0
13/05/2020;920;110;40;8;102;0;2;0
14/05/2020;992;84;60;11;73;0;1;0
15/05/2020;1128;121;48;2;119;0;2;0
16/05/2020;989;119;59;11;108;0;0;0
17/05/2020;816;51;24;4;47;0;1;0
18/05/2020;1172;64;103;5;59;0;1;0
19/05/2020;930;73;57;5;68;0;2;0
20/05/2020;1042;97;53;14;83;0;0;0
21/05/2020;1215;98;65;6;92;0;3;0
22/05/2020;1199;97;60;14;83;0;0;0
23/05/2020;934;67;105;16;49;2;2;0
24/05/2020;889;71;40;4;66;1;0;0
25/05/2020;1091;83;59;4;79;0;1;0
26/05/2020;551;31;50;3;28;0;2;0
27/05/2020;961;92;21;12;80;0;1;0
28/05/2020;991;95;100;9;86;0;2;0
29/05/2020;1236;81;52;13;66;2;1;0
30/05/2020;1370;106;42;12;94;0;0;0
31/05/2020;1024;110;40;12;98;0;0;0
01/06/2020;1820;94;57;10;84;0;1;0
02/06/2020;1339;97;96;20;77;0;2;0
03/06/2020;1549;96;109;16;80;0;0;0
04/06/2020;1348;89;99;15;74;0;0;0
05/06/2020;1700;134;114;30;104;0;2;0
06/06/2020;1166;94;236;3;87;4;2;0
07/06/2020;1266;79;76;11;68;0;0;0
08/06/2020;1010;99;111;9;88;2;3;0
09/06/2020;1402;89;110;17;61;1;0;0
10/06/2020;1205;124;76;15;109;0;3;0
11/06/2020;1164;119;109;17;102;0;1;0
12/06/2020;1005;92;106;18;74;0;4;0
13/06/2020;1378;145;128;19;99;27;0;0
14/06/2020;1223;94;116;14;79;1;0;0
15/06/2020;1254;83;80;19;64;0;4;0
16/06/2020;999;74;101;10;64;0;6;0
17/06/2020;970;122;81;11;111;0;3;0
18/06/2020;1406;106;110;13;93;0;3;0
19/06/2020;1617;164;72;16;148;0;3;0
20/06/2020;1247;144;71;20;123;1;3;0
21/06/2020;978;105;60;11;94;0;2;0
22/06/2020;1040;82;34;13;65;4;2;0
23/06/2020;1045;64;93;13;51;0;3;0
24/06/2020;987;95;26;15;77;3;4;0
25/06/2020;985;104;70;29;75;0;1;0
26/06/2020;1057;121;31;27;79;15;4;0
27/06/2020;1009;105;62;84;21;0;4;0
28/06/2020;1179;127;36;21;104;2;3;0
29/06/2020;956;112;50;13;99;0;3;0
30/06/2020;1274;95;90;11;79;5;4;0
01/07/2020;907;132;114;17;114;1;4;0
02/07/2020;1160;129;54;33;96;0;5;0
03/07/2020;1078;110;67;29;80;1;4;0
04/07/2020;959;108;47;22;86;0;4;0
05/07/2020;756;128;157;34;92;2;4;0
06/07/2020;838;78;39;26;52;0;3;0
07/07/2020;693;69;114;23;43;3;1;0
08/07/2020;788;110;74;23;87;0;4;0
09/07/2020;970;127;72;13;113;1;2;0
10/07/2020;868;98;142;17;81;0;2;0
11/07/2020;790;132;70;41;91;0;0;0
12/07/2020;1108;121;65;96;24;1;3;0
13/07/2020;710;63;68;13;50;0;2;0
14/07/2020;764;45;66;10;33;2;0;0
15/07/2020;804;126;25;34;90;2;3;0
16/07/2020;1173;112;130;28;84;0;3;0
17/07/2020;1074;63;74;25;34;4;4;0
18/07/2020;790;125;50;49;76;0;3;0
19/07/2020;712;141;89;45;96;0;4;0
20/07/2020;639;138;54;41;97;0;3;0
21/07/2020;369;37;42;9;27;1;4;0
22/07/2020;1244;136;64;35;101;0;3;0
23/07/2020;1170;145;62;26;119;0;1;0
24/07/2020;1602;156;121;34;122;0;4;0
25/07/2020;1315;130;73;25;105;0;5;0
26/07/2020;1367;129;45;13;116;0;4;0
27/07/2020;1083;83;68;19;64;0;3;0
28/07/2020;824;41;114;8;33;0;4;0
29/07/2020;1963;156;64;28;128;0;2;0
30/07/2020;1547;145;70;29;116;0;4;0
31/07/2020;1374;126;51;18;116;0;1;0
01/08/2020;850;52;46;14;38;0;4;0
02/08/2020;915;60;16;12;48;0;0;0
03/08/2020;946;42;63;6;36;0;2;0
04/08/2020;1078;46;19;27;19;0;3;0
05/08/2020;1241;106;68;27;77;2;4;0
06/08/2020;1917;177;113;18;159;0;5;0
07/08/2020;1711;172;85;82;90;0;2;0
08/08/2020;1576;116;143;53;63;0;4;0
09/08/2020;1656;172;23;113;59;0;3;0
10/08/2020;1402;137;38;72;64;1;4;0
11/08/2020;876;68;59;39;29;0;2;0
12/08/2020;1842;207;74;115;92;0;4;0
13/08/2020;1730;153;49;106;47;0;2;0
14/08/2020;1952;132;43;80;52;0;5;0
15/08/2020;1886;160;22;91;67;2;2;0
16/08/2020;1317;130;40;63;67;0;2;0
17/08/2020;1049;75;51;38;37;0;3;0
18/08/2020;926;68;39;25;41;2;0;0
19/08/2020;1463;141;110;83;58;0;2;0
20/08/2020;1519;113;173;59;53;1;3;0
21/08/2020;1421;130;115;73;55;2;1;0
22/08/2020;1552;161;168;61;100;0;4;0
23/08/2020;1250;99;122;62;36;1;3;0
24/08/2020;812;64;140;28;36;0;3;0
25/08/2020;816;43;120;14;29;0;2;0
26/08/2020;1384;130;137;55;74;1;1;0
27/08/2020;1242;108;122;49;59;0;2;0
28/08/2020;1250;90;117;40;50;0;2;0
29/08/2020;1328;72;142;32;39;1;3;0
30/08/2020;1276;100;155;38;60;2;2;0
31/08/2020;1090;55;51;18;34;3;0;0
01/09/2020;944;44;45;18;25;1;0;0
02/09/2020;1187;88;22;45;42;1;3;0
03/09/2020;1032;83;47;41;42;0;0;0
04/09/2020;1346;55;170;24;31;0;2;0
05/09/2020;1313;67;128;40;27;0;1;0
06/09/2020;1166;39;71;24;15;0;0;0
07/09/2020;1052;27;115;10;17;0;1;0
08/09/2020;788;30;51;11;18;1;1;0
09/09/2020;1317;58;88;21;36;1;1;0
10/09/2020;933;48;31;20;27;1;0;0
11/09/2020;1261;43;143;17;22;4;0;0
12/09/2020;1093;44;23;17;26;1;2;0
13/09/2020;1206;43;147;25;16;2;2;0
14/09/2020;852;26;43;17;9;0;0;0
15/09/2020;727;15;129;5;9;1;1;0
16/09/2020;1169;39;64;18;21;0;1;0
17/09/2020;1312;50;167;23;27;0;1;0
18/09/2020;1154;27;128;19;8;0;1;0
19/09/2020;1334;43;102;26;15;2;1;0
20/09/2020;1224;26;107;12;10;4;0;0
21/09/2020;997;24;198;9;15;0;0;0
22/09/2020;853;21;163;10;5;6;0;0
23/09/2020;1005;36;97;26;10;0;1;0
24/09/2020;1055;21;100;12;8;1;1;0
25/09/2020;1170;23;92;15;7;1;0;0
26/09/2020;1141;30;118;18;9;3;2;0
27/09/2020;1295;40;85;29;10;1;2;0
28/09/2020;929;10;118;6;3;1;1;0
29/09/2020;920;26;104;11;7;8;1;0
30/09/2020;1266;37;102;22;15;0;1;0
01/10/2020;1351;37;101;13;19;5;0;0
02/10/2020;1213;32;156;23;5;4;1;0
03/10/2020;1337;17;57;10;7;0;0;0
04/10/2020;1131;26;54;17;8;1;0;0
05/10/2020;929;28;65;11;3;14;0;0
06/10/2020;777;19;66;9;3;7;0;0
07/10/2020;1042;33;62;16;10;7;1;0
08/10/2020;987;16;70;11;3;2;0;0
09/10/2020;1059;23;68;11;10;2;0;0
10/10/2020;1177;31;62;13;16;2;1;0
11/10/2020;1091;24;99;18;5;1;0;0
12/10/2020;639;24;93;9;8;7;1;0
13/10/2020;924;15;118;7;2;6;0;0
14/10/2020;1293;24;36;17;1;6;0;0
15/10/2020;1105;17;66;7;5;5;0;0
16/10/2020;1084;20;67;14;5;1;1;0
17/10/2020;982;24;52;10;11;3;0;0
18/10/2020;1156;26;58;16;7;3;0;0
19/10/2020;829;14;51;4;3;7;2;0
20/10/2020;816;27;57;9;0;18;1;0
21/10/2020;1010;25;53;13;7;5;1;0
22/10/2020;899;24;51;5;12;7;0;0
23/10/2020;1379;17;56;6;7;4;0;0
24/10/2020;937;18;79;12;6;0;0;0
25/10/2020;1017;8;93;5;3;0;0;0
26/10/2020;576;14;62;7;2;5;1;0
27/10/2020;453;6;121;2;3;1;0;0
28/10/2020;721;11;128;7;3;1;0;0
29/10/2020;689;11;95;6;5;0;1;0
30/10/2020;805;12;72;8;4;0;0;0
31/10/2020;954;11;121;8;3;0;1;0
01/11/2020;1038;14;105;8;4;2;1;0
02/11/2020;653;7;101;5;2;0;0;0
03/11/2020;400;3;90;3;0;0;1;0
04/11/2020;769;10;96;5;5;0;0;0
05/11/2020;740;18;28;8;10;0;0;0
06/11/2020;768;8;21;5;2;1;0;0
07/11/2020;968;17;23;13;4;0;0;0
08/11/2020;797;15;19;11;4;0;0;0
09/11/2020;544;3;13;1;2;0;0;0
10/11/2020;597;9;17;7;0;2;0;0
11/11/2020;738;15;20;12;3;0;0;0
12/11/2020;713;9;0;8;1;0;0;0
13/11/2020;649;11;14;8;3;0;0;0
14/11/2020;1069;24;7;14;9;1;1;0
15/11/2020;862;14;9;7;7;0;1;0
16/11/2020;608;8;5;4;2;2;1;0
17/11/2020;551;5;4;4;1;0;0;0
18/11/2020;786;17;8;9;8;0;0;0
19/11/2020;800;12;7;8;4;0;0;0
20/11/2020;794;13;12;7;5;1;1;0
21/11/2020;794;17;13;6;11;0;0;0
22/11/2020;891;17;23;10;7;0;0;0
23/11/2020;684;15;28;11;4;0;0;0
24/11/2020;524;11;11;6;5;0;1;0
25/11/2020;749;19;13;8;11;0;1;0
26/11/2020;959;33;18;19;14;0;0;0
27/11/2020;921;21;11;10;11;0;1;0
28/11/2020;1050;46;13;31;15;0;0;0
29/11/2020;1029;48;15;26;22;0;0;0
30/11/2020;772;14;10;9;5;0;0;0
01/12/2020;680;18;20;12;6;0;0;0
02/12/2020;1053;66;30;37;29;0;1;0
03/12/2020;916;44;40;26;18;0;1;0
04/12/2020;1054;80;10;47;33;0;1;0
05/12/2020;1224;100;24;71;29;0;1;0
06/12/2020;925;80;45;46;34;0;1;0
07/12/2020;1231;76;30;44;31;1;2;0
08/12/2020;844;43;58;26;14;3;0;0
09/12/2020;1001;69;40;35;33;1;1;0
10/12/2020;1284;101;46;49;52;0;2;0
11/12/2020;1397;127;65;63;64;0;2;0
12/12/2020;1328;104;44;62;42;0;4;0
13/12/2020;1227;78;35;45;32;1;0;0
14/12/2020;1122;71;65;39;32;0;1;0
15/12/2020;938;70;84;50;20;0;0;0
16/12/2020;1279;120;106;85;35;0;2;0
17/12/2020;1544;115;35;63;52;0;3;0
18/12/2020;1489;108;65;59;47;2;2;0
19/12/2020;1819;111;44;68;43;0;4;0
20/12/2020;1356;88;29;58;29;1;4;0
21/12/2020;1404;121;40;69;52;0;6;0
22/12/2020;953;66;30;44;22;0;1;0
23/12/2020;1439;98;65;58;35;5;6;0
24/12/2020;2160;157;85;101;54;2;3;0
25/12/2020;1364;169;43;97;71;1;5;0
26/12/2020;1549;154;96;94;60;0;1;0
27/12/2020;1200;86;55;50;36;0;1;0
28/12/2020;1194;119;95;74;45;0;2;0
29/12/2020;984;78;65;52;26;0;5;0
30/12/2020;1379;139;105;95;43;0;7;0
31/12/2020;1402;195;53;114;81;0;8;0
01/01/2021;1718;224;121;136;88;0;0;0
02/01/2021;1654;147;58;107;40;0;6;0
03/01/2021;1703;186;82;113;73;0;5;0
04/01/2021;1293;106;100;69;37;0;3;0
05/01/2021;1329;161;75;116;45;0;4;0
06/01/2021;1540;192;92;144;47;1;5;0
07/01/2021;1775;220;103;164;56;0;5;0
08/01/2021;2270;296;131;142;154;0;8;0
09/01/2021;2555;328;112;208;120;0;13;0
10/01/2021;1781;245;90;144;101;0;6;0
11/01/2021;1927;288;139;174;114;0;4;0
12/01/2021;1062;152;145;102;50;0;11;0
13/01/2021;1709;198;119;136;62;0;9;0
14/01/2021;1837;295;135;189;105;0;7;0
15/01/2021;2286;218;152;149;69;0;10;0
16/01/2021;2527;342;144;195;147;0;3;0
17/01/2021;2239;290;172;172;118;0;6;0
18/01/2021;1888;196;190;110;86;0;11;0
19/01/2021;1443;168;117;114;54;0;10;0
20/01/2021;1380;250;199;174;76;0;10;0
21/01/2021;2500;267;186;178;89;0;6;0
22/01/2021;2270;300;173;174;126;0;9;0
23/01/2021;2389;250;195;164;86;0;8;0
24/01/2021;2448;268;192;166;102;0;6;0
25/01/2021;2099;266;205;153;111;2;7;0
26/01/2021;1515;133;189;97;36;0;10;0
27/01/2021;1698;280;255;193;87;0;9;0
28/01/2021;2262;304;270;200;104;0;13;0
29/01/2021;2102;184;166;120;64;0;3;0
30/01/2021;2180;318;197;221;97;0;4;0
31/01/2021;2083;310;212;152;158;0;7;0
01/02/2021;2411;404;175;278;126;0;10;0
02/02/2021;1457;153;218;106;47;0;3;0
03/02/2021;1787;285;236;189;96;0;7;0
04/02/2021;2523;368;209;279;89;0;11;0
05/02/2021;2331;373;265;245;127;1;7;0
06/02/2021;3029;383;219;263;120;0;9;0
07/02/2021;2298;271;267;191;80;0;7;0
08/02/2021;2365;297;295;197;100;0;7;0
09/02/2021;1329;188;212;127;61;0;11;0
10/02/2021;1653;276;285;204;72;0;12;0
11/02/2021;2860;393;246;304;89;0;12;0
12/02/2021;2688;462;293;261;201;0;11;0
13/02/2021;2287;265;272;172;93;0;6;0
14/02/2021;2116;366;221;206;160;0;7;0
15/02/2021;2056;268;252;149;119;0;6;0
16/02/2021;1555;201;230;121;80;0;6;0
17/02/2021;2192;295;230;200;95;0;9;0
18/02/2021;2123;328;268;202;126;0;12;0
19/02/2021;2168;279;261;177;102;0;6;0
20/02/2021;2588;252;283;165;87;0;8;0
21/02/2021;2348;297;227;151;146;0;13;0
22/02/2021;1931;172;294;127;45;0;6;0
23/02/2021;1633;143;266;94;49;0;18;82
24/02/2021;2040;211;199;136;75;0;8;4005
25/02/2021;2547;288;219;189;99;0;12;7662
26/02/2021;2762;290;265;187;103;0;5;9892
27/02/2021;2210;224;234;132;92;0;8;4012
28/02/2021;2308;265;283;169;96;0;7;1365
01/03/2021;1746;212;267;155;57;0;8;
02/03/2021;1273;100;241;58;42;0;8;4639
03/03/2021;2017;205;218;135;70;0;8;5700
04/03/2021;2070;210;269;138;72;0;2;6725
05/03/2021;2089;221;292;146;75;0;5;9697
06/03/2021;1856;164;188;100;63;1;5;2057
07/03/2021;2057;225;236;126;99;0;11;920
08/03/2021;1227;102;310;75;27;0;6;
09/03/2021;1028;80;269;58;22;0;5;1249
10/03/2021;1390;156;283;93;63;0;5;188
11/03/2021;1948;176;208;109;67;0;6;
12/03/2021;1935;198;302;121;77;0;10;
13/03/2021;1702;157;256;93;64;0;4;23840
14/03/2021;1817;166;289;104;62;0;8;
15/03/2021;1330;104;243;69;35;0;15;7932
16/03/2021;1116;66;278;47;19;0;3;5089
17/03/2021;1892;192;283;136;56;0;9;2001
18/03/2021;1889;174;317;106;68;0;5;2038
19/03/2021;1655;113;288;69;44;0;8;2611
20/03/2021;2214;152;307;99;53;0;4;8311
21/03/2021;1894;140;329;96;44;0;6;
22/03/2021;1398;87;325;57;30;0;3;10485
23/03/2021;732;36;287;21;15;0;4;10810
24/03/2021;388;178;329;107;71;0;3;
25/03/2021;1571;121;303;74;47;0;5;13423
26/03/2021;1586;99;292;65;34;0;3;13986
27/03/2021;1842;102;315;55;47;0;3;6414
28/03/2021;1850;64;331;37;27;0;3;2376
29/03/2021;1139;46;287;35;11;0;7;13651
30/03/2021;1073;52;188;33;19;0;5;13004
31/03/2021;1607;87;93;42;45;0;2;
01/04/2021;1659;77;113;60;17;0;3;
02/04/2021;1823;107;98;75;32;0;2;
03/04/2021;1635;64;82;43;21;0;7;
04/04/2021;1834;71;70;49;22;0;0;
05/04/2021;1421;69;83;40;29;0;0;
06/04/2021;793;34;55;21;13;0;2;
07/04/2021;867;37;66;24;13;0;5;
08/04/2021;1421;73;82;44;29;0;3;
09/04/2021;1441;70;61;45;25;0;1;
10/04/2021;1515;57;70;38;19;0;3;
11/04/2021;1810;67;73;44;23;0;1;
12/04/2021;1287;34;41;23;11;0;1;
13/04/2021;999;30;26;17;13;0;2;
14/04/2021;1511;65;49;44;21;0;3;
15/04/2021;1315;46;53;31;15;0;1;
16/04/2021;1575;58;67;37;21;0;2;
17/04/2021;1672;67;31;39;28;0;3;
18/04/2021;1536;51;70;40;11;0;1;
19/04/2021;1221;39;28;32;7;0;0;
20/04/2021;911;15;61;8;7;0;4;
21/04/2021;1649;74;68;44;30;0;1;
22/04/2021;1392;65;51;35;30;0;1;
23/04/2021;1225;47;67;28;19;0;0;
24/04/2021;1638;60;29;32;28;0;2;
25/04/2021;1452;53;46;43;10;0;3;
26/04/2021;1194;31;43;21;10;0;2;
27/04/2021;880;27;49;20;7;0;2;
28/04/2021;1231;56;38;38;18;0;1;
29/04/2021;1309;46;30;29;17;0;0;
30/04/2021;1280;49;62;35;14;0;0;
01/05/2021;1552;44;27;35;9;0;2;
02/05/2021;1780;45;48;32;13;0;1;
03/05/2021;968;31;34;18;13;0;1;
04/05/2021;948;28;22;25;3;0;0;
05/05/2021;1199;52;28;27;25;0;3;
06/05/2021;1029;34;49;17;17;0;2;
07/05/2021;1313;43;31;33;10;0;2;
08/05/2021;1372;44;19;28;16;0;1;
09/05/2021;1053;27;49;20;7;0;2;
10/05/2021;839;22;26;10;12;0;1;
11/05/2021;842;15;18;10;5;0;0;
12/05/2021;1094;33;32;21;12;0;1;
13/05/2021;990;28;41;16;12;0;1;
14/05/2021;1055;16;28;10;6;0;0;
15/05/2021;961;22;29;10;12;0;2;
16/05/2021;1508;22;15;16;6;0;1;
17/05/2021;1104;22;24;15;7;0;1;
18/05/2021;863;24;17;15;9;0;1;
19/05/2021;1358;29;35;25;4;0;0;
20/05/2021;1235;36;23;26;10;0;0;
21/05/2021;1438;62;38;39;23;0;1;
22/05/2021;1633;39;28;26;13;0;1;
23/05/2021;1775;28;20;24;4;0;2;
24/05/2021;1356;52;41;33;17;2;0;
25/05/2021;893;16;35;15;1;0;2;
26/05/2021;1102;23;20;13;10;0;1;
27/05/2021;1767;67;49;36;31;0;1;
28/05/2021;1442;48;29;24;24;0;2;
29/05/2021;1937;35;40;24;11;0;0;
30/05/2021;1835;56;55;30;26;0;0;
31/05/2021;1526;29;43;18;11;0;1;
01/06/2021;1051;17;25;11;6;0;1;
02/06/2021;1686;61;51;45;16;0;2;
03/06/2021;1257;45;19;32;13;0;2;
04/06/2021;1211;42;36;32;10;0;0;
05/06/2021;1748;50;27;31;19;0;1;
06/06/2021;1869;49;53;30;19;0;1;
07/06/2021;1368;33;17;16;17;0;2;
08/06/2021;979;12;26;9;3;0;2;
09/06/2021;1642;71;42;45;26;0;0;
10/06/2021;1349;54;39;41;13;0;0;
11/06/2021;1322;50;45;36;14;0;0;
12/06/2021;1984;52;40;33;19;0;1;
13/06/2021;1795;46;47;31;15;0;3;
14/06/2021;1326;25;55;17;8;0;1;
15/06/2021;973;27;46;20;7;0;1;
16/06/2021;1627;68;30;44;24;0;0;
17/06/2021;1347;88;40;47;41;0;2;
18/06/2021;1416;53;60;31;22;0;0;
19/06/2021;1806;74;60;45;29;0;0;
20/06/2021;1899;71;58;44;27;0;0;
21/06/2021;1429;33;39;14;19;0;0;
22/06/2021;1073;35;49;11;24;0;1;
23/06/2021;1854;118;59;63;55;0;0;
24/06/2021;1582;87;36;52;35;0;0;
25/06/2021;1185;70;60;38;32;0;2;
26/06/2021;1945;104;67;60;44;0;2;
27/06/2021;1860;53;51;30;23;0;1;
28/06/2021;1423;25;54;18;7;0;0;
29/06/2021;1200;28;64;19;9;0;2;
30/06/2021;2032;171;75;107;64;0;0;
01/07/2021;2024;135;58;74;61;0;2;
02/07/2021;2210;164;67;100;64;0;2;
03/07/2021;2082;200;79;132;68;0;1;
04/07/2021;2104;141;50;92;49;0;3;
05/07/2021;1817;191;90;104;87;0;1;
06/07/2021;1255;121;60;76;45;0;3;
07/07/2021;2388;356;73;229;127;0;5;
08/07/2021;2166;354;82;218;135;1;1;
09/07/2021;2104;476;102;261;215;0;3;
10/07/2021;2762;380;112;234;136;0;3;
11/07/2021;2715;529;105;341;188;0;4;
12/07/2021;2025;334;128;206;127;0;2;
13/07/2021;1807;354;111;210;144;0;5;
14/07/2021;2854;733;138;438;250;0;2;
15/07/2021;2617;674;158;417;257;0;6;
16/07/2021;2913;738;130;474;264;0;0;
17/07/2021;3815;1366;154;925;441;0;5;
18/07/2021;4419;1722;184;978;744;0;6;
19/07/2021;2357;575;211;512;62;1;7;
20/07/2021;2573;902;280;815;87;0;9;
21/07/2021;3050;724;253;642;79;3;10;
22/07/2021;2125;523;299;461;62;0;10;
23/07/2021;2953;1041;257;886;155;0;8;
24/07/2021;3248;712;275;594;188;0;5;
25/07/2021;2341;690;284;608;82;0;12;
26/07/2021;2682;618;309;536;82;0;5;
27/07/2021;2586;642;289;528;113;1;14;
28/07/2021;3310;763;270;652;111;0;7;
29/07/2021;3164;884;383;745;139;0;11;
30/07/2021;4201;1075;333;948;127;0;15;
31/07/2021;3788;1045;382;939;106;0;20;
01/08/2021;3543;712;443;624;88;0;14;
02/08/2021;2556;518;413;444;73;1;18;
03/08/2021;2723;504;386;460;42;2;9;
04/08/2021;3097;498;434;427;71;0;29;
05/08/2021;3203;811;422;722;89;0;18;
06/08/2021;4471;917;457;794;123;0;16;
07/08/2021;4050;648;410;578;70;0;10;
08/08/2021;4093;681;432;671;64;0;15;
09/08/2021;3221;433;538;397;36;0;13;
10/08/2021;2208;336;495;316;20;0;31;
11/08/2021;4172;572;495;448;77;0;19;
12/08/2021;3278;656;484;585;71;0;9;
13/08/2021;3581;549;546;482;67;0;16;
14/08/2021;3674;288;405;250;38;0;17;
15/08/2021;3497;266;428;249;17;0;13;
16/08/2021;2808;175;480;153;22;0;14;
17/08/2021;1979;148;513;122;26;0;11;
18/08/2021;3050;264;447;234;30;0;11;
19/08/2021;2571;175;427;160;15;0;5;
20/08/2021;2972;187;587;168;19;0;7;
21/08/2021;2880;144;536;134;10;0;11;
22/08/2021;3504;155;527;138;17;0;12;
23/08/2021;2377;88;495;77;11;0;9;
24/08/2021;2683;71;535;61;10;0;17;
25/08/2021;3169;129;639;114;15;0;9;
26/08/2021;2241;100;533;88;12;0;11;
27/08/2021;2694;218;511;187;31;0;12;
28/08/2021;2663;85;422;75;10;0;13;
29/08/2021;3202;91;478;72;19;0;7;
30/08/2021;2286;44;458;38;6;0;11;
31/08/2021;1453;52;549;43;9;0;5;
01/09/2021;3032;115;400;96;19;0;9;
02/09/2021;2175;57;356;49;8;0;6;
03/09/2021;2246;70;322;65;5;0;5;
04/09/2021;2307;57;369;52;5;0;9;
05/09/2021;2751;84;428;73;11;0;9;
06/09/2021;2008;39;375;35;4;0;5;
07/09/2021;1829;30;318;28;1;1;3;
08/09/2021;2399;53;449;49;4;0;4;
09/09/2021;1822;43;523;41;2;0;9;
10/09/2021;2287;38;461;34;4;0;1;
11/09/2021;2209;49;505;40;9;0;2;
12/09/2021;2731;38;405;31;7;9;3;
13/09/2021;1743;22;389;21;1;0;2;
14/09/2021;1443;13;382;13;0;0;4;
15/09/2021;2074;26;410;25;1;0;1;
16/09/2021;2564;23;315;19;4;0;3;
17/09/2021;1912;26;390;23;3;0;1;
18/09/2021;2269;34;344;19;15;0;3;
19/09/2021;2187;23;338;19;4;0;0;
20/09/2021;1479;9;393;8;1;0;0;
21/09/2021;1226;14;411;14;0;0;3;
22/09/2021;1908;24;377;22;2;0;1;
23/09/2021;1688;14;296;12;2;0;4;
24/09/2021;1551;13;250;13;0;0;1;
25/09/2021;1870;9;269;8;1;0;1;
26/09/2021;1888;14;95;14;0;0;0;
27/09/2021;1432;5;130;4;1;0;0;
28/09/2021;1173;10;82;10;0;0;0;
29/09/2021;1399;7;58;7;0;0;3;
30/09/2021;1756;11;40;10;1;0;0;
01/10/2021;1433;7;26;6;1;0;0;
02/10/2021;1719;11;23;10;1;0;1;
03/10/2021;1717;7;13;5;2;0;1;
04/10/2021;1411;2;16;2;0;0;0;
05/10/2021;1411;4;14;4;0;0;0;
06/10/2021;1649;10;13;10;0;0;2;
07/10/2021;1667;9;7;9;0;0;2;
08/10/2021;1339;6;5;6;0;0;1;
09/10/2021;1799;4;8;4;0;0;3;
10/10/2021;1909;2;10;2;0;0;3;
11/10/2021;1429;4;6;4;0;0;0;
12/10/2021;984;1;8;1;0;0;0;
13/10/2021;1648;6;5;6;0;0;1;
14/10/2021;1453;5;9;5;0;0;0;
15/10/2021;1266;6;2;5;1;0;2;
16/10/2021;1844;6;9;5;1;0;0;
17/10/2021;1723;1;0;1;0;0;0;
18/10/2021;1307;7;5;6;1;0;0;
19/10/2021;1039;2;8;2;0;0;1;
20/10/2021;1039;0;2;0;0;0;1;
21/10/2021;1136;1;0;1;0;0;3;
22/10/2021;1197;4;2;3;1;0;0;
23/10/2021;1609;11;3;8;3;0;1;
24/10/2021;1367;2;3;2;0;0;1;
25/10/2021;1153;3;1;3;0;0;0;
26/10/2021;850;1;1;1;0;0;0;
27/10/2021;1412;5;3;5;0;0;0;
28/10/2021;1158;2;3;2;0;0;0;
29/10/2021;1261;5;4;5;0;0;0;
30/10/2021;1679;8;4;7;1;0;0;
31/10/2021;1413;0;5;0;0;0;0;
01/11/2021;1080;3;6;3;0;0;0;
02/11/2021;784;2;3;2;0;0;0;
03/11/2021;1073;4;5;4;0;0;1;
04/11/2021;1213;5;3;4;1;0;0;
05/11/2021;1121;2;2;2;0;0;1;
06/11/2021;1357;2;3;2;0;0;0;
07/11/2021;1554;0;2;0;0;0;0;
08/11/2021;1111;4;1;4;0;0;0;
09/11/2021;1762;3;4;2;0;1;1;
10/11/2021;1580;3;3;2;0;1;0;
11/11/2021;1540;2;5;2;0;0;0;
12/11/2021;987;1;0;1;0;0;0;
13/11/2021;1460;3;3;3;0;0;0;
14/11/2021;1473;3;2;3;0;0;0;
15/11/2021;1269;4;2;2;2;0;0;
16/11/2021;814;1;4;1;0;0;2;
17/11/2021;1119;1;3;1;0;0;0;
18/11/2021;1144;2;2;1;1;0;0;
19/11/2021;963;3;1;3;0;0;0;
20/11/2021;1330;0;0;0;0;0;0;
21/11/2021;1446;3;2;3;0;0;0;
22/11/2021;1084;1;3;1;0;0;0;
23/11/2021;692;1;0;1;0;0;2;
24/11/2021;1153;3;0;3;0;0;0;
25/11/2021;1036;2;3;2;0;0;0;
26/11/2021;1329;0;1;0;0;0;0;
27/11/2021;1438;6;2;6;0;0;0;
28/11/2021;1394;4;3;4;0;0;0;
29/11/2021;1099;2;1;2;0;0;0;
30/11/2021;764;0;3;0;0;0;0;
01/12/2021;1229;3;2;3;0;0;0;
02/12/2021;1097;6;0;6;0;0;1;
03/12/2021;990;11;3;9;2;0;0;
04/12/2021;1329;6;5;6;0;0;0;
05/12/2021;1943;11;2;8;3;0;0;
06/12/2021;1367;7;4;7;0;0;0;
07/12/2021;994;5;5;5;0;0;0;
08/12/2021;1537;7;8;6;1;0;0;
09/12/2021;1384;11;9;11;0;0;0;
10/12/2021;1350;11;4;8;3;0;0;
11/12/2021;1453;11;12;10;1;0;0;
12/12/2021;1900;10;9;9;1;0;0;
13/12/2021;1390;6;6;6;0;0;0;
14/12/2021;963;2;9;2;0;0;0;
15/12/2021;1662;11;6;9;1;1;0;
16/12/2021;1394;10;10;8;2;0;0;
17/12/2021;1872;14;6;14;0;0;0;
18/12/2021;1815;12;12;8;3;1;0;
19/12/2021;2102;20;9;18;2;0;0;
20/12/2021;1680;22;9;19;2;1;0;
21/12/2021;1237;13;14;12;1;0;0;
22/12/2021;1796;27;11;26;1;0;2;
23/12/2021;1546;33;15;29;2;2;0;
24/12/2021;1501;46;13;40;4;2;0;
25/12/2021;1362;51;18;42;8;1;0;
26/12/2021;1575;59;25;56;3;0;0;
27/12/2021;1167;57;19;57;0;0;0;
28/12/2021;1039;47;33;45;1;1;0;
29/12/2021;1039;156;53;152;4;0;0;
30/12/2021;1606;198;60;195;1;2;0;
31/12/2021;1635;185;74;181;2;2;0;
01/01/2022;1922;282;85;266;14;2;0;
02/01/2022;2462;334;103;291;13;0;0;
03/01/2022;1942;288;133;265;20;3;0;
04/01/2022;1829;274;149;257;12;5;1;
05/01/2022;2398;520;172;486;31;3;1;
06/01/2022;1862;519;163;490;29;0;0;
07/01/2022;2493;663;150;633;30;0;3;
08/01/2022;2366;689;170;633;52;4;1;
09/01/2022;2517;666;197;631;32;3;1;
10/01/2022;1986;476;216;461;15;0;1;
11/01/2022;1626;388;203;371;10;7;2;
12/01/2022;2584;604;212;578;25;1;2;
13/01/2022;2242;608;245;558;50;0;2;
14/01/2022;2321;502;270;473;29;0;1;
15/01/2022;1490;403;300;386;13;4;4;
16/01/2022;2484;441;291;418;22;1;0;
17/01/2022;1593;274;315;260;14;0;1;
18/01/2022;1313;188;310;177;10;1;3;
19/01/2022;2515;313;302;297;14;2;1;
20/01/2022;1879;265;291;220;45;0;4;
21/01/2022;1787;203;311;189;14;0;4;
22/01/2022;1828;163;282;145;17;1;2;
24/01/2022;1442;79;304;78;1;0;4;
25/01/2022;1011;79;346;74;4;1;4;
26/01/2022;1885;160;352;153;7;0;4;
27/01/2022;1519;96;320;91;5;0;2;
28/01/2022;1506;77;291;73;4;0;2;
29/01/2022;1531;70;320;67;2;1;0;
30/01/2022;1850;80;298;78;1;1;3;
31/01/2022;1265;63;327;57;5;1;1;
01/02/2022;1036;39;301;32;6;1;3;
02/02/2022;1392;34;288;33;1;0;0;
03/02/2022;1287;45;245;42;3;0;1;
04/02/2022;1190;26;240;26;0;0;3;
06/02/2022;1722;28;304;28;0;0;1;
07/02/2022;1722;28;304;28;0;0;1;
08/02/2022;1295;19;260;19;0;0;0;
09/02/2022;1371;26;175;24;2;0;0;
10/02/2022;1313;26;248;24;1;1;0;
11/02/2022;1568;38;126;36;2;0;0;
12/02/2022;1608;24;70;21;3;0;0;
13/02/2022;1727;42;50;39;3;0;1;
14/02/2022;2121;28;67;27;1;0;0;
15/02/2022;1016;14;85;14;0;0;0;
16/02/2022;1465;15;55;13;2;0;0;
17/02/2022;1192;26;46;23;3;0;1;
18/02/2022;1257;26;37;21;5;0;0;
19/02/2022;1200;24;32;23;1;0;0;
20/02/2022;1569;19;24;18;1;0;0;
21/02/2022;1423;24;38;19;5;0;0;
22/02/2022;909;12;17;12;0;0;1;
23/02/2022;1346;19;23;17;1;1;1;
24/02/2022;1171;18;16;18;2;0;0;
25/02/2022;1196;14;23;13;1;0;0;
26/02/2022;1222;15;15;14;1;0;0;
27/02/2022;1349;10;12;10;0;0;0;
28/02/2022;1353;17;9;16;1;0;0;
01/03/2022;939;6;20;4;1;1;0;
02/03/2022;1422;13;13;12;1;0;0;
03/03/2022;932;17;19;17;0;0;0;
04/03/2022;1186;10;12;9;1;0;1;
05/03/2022;1487;8;10;6;2;0;0;
06/03/2022;1090;10;14;10;0;0;0;
07/03/2022;1307;11;8;10;1;0;1;
08/03/2022;784;4;9;4;0;0;0;
09/03/2022;1378;3;13;3;0;0;0;
10/03/2022;1078;7;11;7;0;0;0;
11/03/2022;1306;3;7;3;0;0;2;
12/03/2022;1238;7;5;7;0;0;0;
13/03/2022;1670;5;8;5;0;0;0;
14/03/2022;1296;9;4;9;0;0;0;
15/03/2022;707;2;8;2;0;0;0;